game_id,game_date,home_team_id,away_team_id,home_team,away_team,home_score,away_score
2025020001,,13,16,FLA,CHI,3,2
2025020002,,3,5,NYR,PIT,0,3
2025020003,,26,21,LAK,COL,1,4
2025020004,,10,8,TOR,MTL,5,2
2025020005,,15,6,WSH,BOS,1,3
2025020006,,22,20,EDM,CGY,3,4
2025020007,,54,26,VGK,LAK,5,6
2025020008,,6,16,BOS,CHI,4,3
2025020009,,7,3,BUF,NYR,0,4
2025020010,,17,8,DET,MTL,1,5
2025020011,,14,9,TBL,OTT,4,5
2025020012,,13,4,FLA,PHI,2,1
2025020013,,5,2,PIT,NYI,4,3
2025020014,,12,1,CAR,NJD,6,3
2025020015,,19,30,STL,MIN,0,5
2025020016,,18,29,NSH,CBJ,2,1
2025020017,,52,25,WPG,DAL,4,5
2025020018,,21,68,COL,UTA,2,1
2025020019,,23,20,VAN,CGY,5,1
2025020020,,28,54,SJS,VGK,3,4
2025020021,,55,24,SEA,ANA,3,1
2025020022,,52,26,WPG,LAK,3,2
2025020023,,20,19,CGY,STL,2,4
2025020024,,6,7,BOS,BUF,3,1
2025020025,,17,10,DET,TOR,6,3
2025020026,,14,1,TBL,NJD,3,5
2025020027,,13,9,FLA,OTT,6,2
2025020028,,2,15,NYI,WSH,2,4
2025020029,,5,3,PIT,NYR,1,6
2025020030,,12,4,CAR,PHI,4,3
2025020031,,16,8,CHI,MTL,2,3
2025020032,,18,68,NSH,UTA,2,3
2025020033,,30,29,MIN,CBJ,4,7
2025020034,,21,25,COL,DAL,4,5
2025020035,,22,23,EDM,VAN,3,1
2025020036,,28,24,SJS,ANA,6,7
2025020037,,55,54,SEA,VGK,2,1
2025020038,,3,15,NYR,WSH,0,1
2025020039,,7,21,BUF,COL,1,3
2025020040,,6,14,BOS,TBL,3,4
2025020041,,9,18,OTT,NSH,1,4
2025020042,,2,52,NYI,WPG,2,5
2025020043,,10,17,TOR,DET,2,3
2025020044,,4,13,PHI,FLA,5,2
2025020045,,29,1,CBJ,NJD,2,3
2025020046,,23,19,VAN,STL,2,5
2025020047,,30,26,MIN,LAK,4,3
2025020048,,16,68,CHI,UTA,3,1
2025020049,,10,18,TOR,NSH,7,4
2025020050,,8,55,MTL,SEA,5,4
2025020051,,3,22,NYR,EDM,0,2
2025020052,,15,14,WSH,TBL,3,2
2025020053,,20,54,CGY,VGK,2,4
2025020054,,25,30,DAL,MIN,5,2
2025020055,,28,12,SJS,CAR,1,5
2025020056,,24,5,ANA,PIT,4,3
2025020057,,7,9,BUF,OTT,8,4
2025020058,,17,13,DET,FLA,4,1
2025020059,,19,16,STL,CHI,3,8
2025020060,,68,20,UTA,CGY,3,1
2025020061,,10,3,TOR,NYR,2,1
2025020062,,8,18,MTL,NSH,3,2
2025020063,,9,55,OTT,SEA,4,3
2025020064,,1,13,NJD,FLA,3,1
2025020065,,2,22,NYI,EDM,4,2
2025020066,,4,52,PHI,WPG,2,5
2025020067,,29,21,CBJ,COL,1,4
2025020068,,25,23,DAL,VAN,3,5
2025020069,,54,6,VGK,BOS,6,5
2025020070,,24,12,ANA,CAR,1,4
2025020071,,26,5,LAK,PIT,2,4
2025020072,,17,14,DET,TBL,2,1
2025020073,,15,30,WSH,MIN,5,1
2025020074,,16,23,CHI,VAN,2,3
2025020075,,68,28,UTA,SJS,6,3
2025020076,,7,13,BUF,FLA,3,0
2025020077,,9,2,OTT,NYI,4,5
2025020078,,1,22,NJD,EDM,5,3
2025020079,,10,55,TOR,SEA,3,4
2025020080,,8,3,MTL,NYR,3,4
2025020081,,4,30,PHI,MIN,2,1
2025020082,,29,14,CBJ,TBL,3,2
2025020083,,19,25,STL,DAL,3,1
2025020084,,52,18,WPG,NSH,4,1
2025020085,,21,6,COL,BOS,4,1
2025020086,,26,12,LAK,CAR,3,4
2025020087,,54,20,VGK,CGY,6,1
2025020088,,28,5,SJS,PIT,0,3
2025020089,,15,23,WSH,VAN,3,4
2025020090,,17,22,DET,EDM,4,2
2025020091,,16,24,CHI,ANA,2,1
2025020092,,68,6,UTA,BOS,3,2
2025020093,,3,30,NYR,MIN,1,3
2025020094,,4,55,PHI,SEA,5,2
2025020095,,8,7,MTL,BUF,4,2
2025020096,,20,52,CGY,WPG,1,2
2025020097,,54,12,VGK,CAR,4,1
2025020098,,10,1,TOR,NJD,2,5
2025020099,,9,22,OTT,EDM,2,3
2025020100,,2,28,NYI,SJS,4,3
2025020101,,5,23,PIT,VAN,5,1
2025020102,,15,55,WSH,SEA,4,1
2025020103,,6,13,BOS,FLA,3,4
2025020104,,19,26,STL,LAK,1,2
2025020105,,18,24,NSH,ANA,2,5
2025020106,,25,29,DAL,CBJ,1,5
2025020107,,68,21,UTA,COL,4,3
2025020108,,1,30,NJD,MIN,4,1
2025020109,,7,17,BUF,DET,4,2
2025020110,,20,8,CGY,MTL,1,2
2025020111,,6,24,BOS,ANA,5,7
2025020112,,9,4,OTT,PHI,2,1
2025020113,,14,16,TBL,CHI,2,3
2025020114,,13,5,FLA,PIT,3,5
2025020115,,2,17,NYI,DET,7,2
2025020116,,3,28,NYR,SJS,5,6
2025020117,,19,68,STL,UTA,4,7
2025020118,,18,23,NSH,VAN,2,1
2025020119,,25,26,DAL,LAK,2,3
2025020120,,52,55,WPG,SEA,0,3
2025020121,,21,12,COL,CAR,4,5
2025020122,,22,8,EDM,MTL,6,5
2025020123,,7,10,BUF,TOR,5,3
2025020124,,1,28,NJD,SJS,3,1
2025020125,,29,15,CBJ,WSH,1,5
2025020126,,52,20,WPG,CGY,5,3
2025020127,,4,2,PHI,NYI,4,3
2025020128,,6,21,BOS,COL,3,2
2025020129,,14,24,TBL,ANA,4,3
2025020130,,13,54,FLA,VGK,3,0
2025020131,,30,68,MIN,UTA,2,6
2025020132,,10,7,TOR,BUF,4,3
2025020133,,17,19,DET,STL,6,4
2025020134,,5,29,PIT,CBJ,4,5
2025020135,,15,9,WSH,OTT,1,7
2025020136,,23,8,VAN,MTL,3,4
2025020137,,18,26,NSH,LAK,5,4
2025020138,,25,12,DAL,CAR,3,2
2025020139,,55,22,SEA,EDM,3,2
2025020140,,1,21,NJD,COL,4,3
2025020141,,14,54,TBL,VGK,2,1
2025020142,,30,28,MIN,SJS,5,6
2025020143,,52,68,WPG,UTA,2,3
2025020144,,16,26,CHI,LAK,1,3
2025020145,,18,25,NSH,DAL,2,3
2025020146,,20,3,CGY,NYR,5,1
2025020147,,23,22,VAN,EDM,4,3
2025020148,,5,19,PIT,STL,6,3
2025020149,,9,6,OTT,BOS,7,2
2025020150,,4,5,PHI,PIT,3,2
2025020151,,10,20,TOR,CGY,4,3
2025020152,,7,29,BUF,CBJ,3,4
2025020153,,13,24,FLA,ANA,2,3
2025020154,,6,2,BOS,NYI,5,2
2025020155,,12,54,CAR,VGK,3,6
2025020156,,18,14,NSH,TBL,2,5
2025020157,,30,52,MIN,WPG,3,4
2025020158,,19,17,STL,DET,2,5
2025020159,,25,15,DAL,WSH,1,0
2025020160,,16,9,CHI,OTT,7,3
2025020161,,21,1,COL,NJD,8,4
2025020162,,22,68,EDM,UTA,6,3
2025020163,,23,3,VAN,NYR,0,2
2025020164,,55,8,SEA,MTL,3,4
2025020165,,28,26,SJS,LAK,3,4
2025020166,,29,10,CBJ,TOR,6,3
2025020167,,6,7,BOS,BUF,4,3
2025020168,,9,20,OTT,CGY,4,3
2025020169,,14,25,TBL,DAL,2,1
2025020170,,4,18,PHI,NSH,4,1
2025020171,,12,2,CAR,NYI,6,2
2025020172,,19,23,STL,VAN,3,4
2025020173,,30,5,MIN,PIT,1,4
2025020174,,52,16,WPG,CHI,6,3
2025020175,,22,3,EDM,NYR,3,4
2025020176,,28,1,SJS,NJD,5,2
2025020177,,26,17,LAK,DET,3,4
2025020178,,54,21,VGK,COL,2,4
2025020179,,15,2,WSH,NYI,1,3
2025020180,,24,17,ANA,DET,5,2
2025020181,,6,12,BOS,CAR,2,1
2025020182,,52,5,WPG,PIT,5,2
2025020183,,18,20,NSH,CGY,4,2
2025020184,,28,21,SJS,COL,3,2
2025020185,,13,25,FLA,DAL,4,3
2025020186,,7,15,BUF,WSH,4,3
2025020187,,8,9,MTL,OTT,4,3
2025020188,,4,10,PHI,TOR,2,5
2025020189,,29,19,CBJ,STL,3,2
2025020190,,30,23,MIN,VAN,5,2
2025020191,,26,1,LAK,NJD,1,4
2025020192,,22,16,EDM,CHI,3,2
2025020193,,55,3,SEA,NYR,2,3
2025020194,,68,14,UTA,TBL,2,4
2025020195,,2,29,NYI,CBJ,3,2
2025020196,,4,20,PHI,CGY,1,2
2025020197,,24,1,ANA,NJD,4,1
2025020198,,28,17,SJS,DET,2,3
2025020199,,10,5,TOR,PIT,4,3
2025020200,,19,22,STL,EDM,3,2
2025020201,,18,23,NSH,VAN,4,5
2025020202,,55,16,SEA,CHI,3,1
2025020203,,7,68,BUF,UTA,1,2
2025020204,,8,4,MTL,PHI,4,5
2025020205,,2,6,NYI,BOS,3,4
2025020206,,3,12,NYR,CAR,0,3
2025020207,,25,22,DAL,EDM,4,3
2025020208,,30,18,MIN,NSH,3,2
2025020209,,21,14,COL,TBL,3,2
2025020210,,54,17,VGK,DET,1,0
2025020211,,24,13,ANA,FLA,7,3
2025020212,,26,52,LAK,WPG,3,0
2025020213,,10,68,TOR,UTA,5,3
2025020214,,15,19,WSH,STL,6,1
2025020215,,20,29,CGY,CBJ,5,1
2025020216,,23,16,VAN,CHI,2,5
2025020217,,55,28,SEA,SJS,1,6
2025020218,,6,9,BOS,OTT,3,2
2025020219,,7,19,BUF,STL,0,3
2025020220,,1,8,NJD,MTL,4,3
2025020221,,5,15,PIT,WSH,5,3
2025020222,,12,30,CAR,MIN,4,3
2025020223,,18,4,NSH,PHI,1,3
2025020224,,25,24,DAL,ANA,5,7
2025020225,,54,14,VGK,TBL,3,6
2025020226,,26,13,LAK,FLA,2,5
2025020227,,17,3,DET,NYR,1,4
2025020228,,2,30,NYI,MIN,2,5
2025020229,,20,16,CGY,CHI,0,4
2025020230,,28,52,SJS,WPG,2,1
2025020231,,1,5,NJD,PIT,2,1
2025020232,,4,9,PHI,OTT,2,3
2025020233,,18,25,NSH,DAL,4,5
2025020234,,10,6,TOR,BOS,3,5
2025020235,,8,68,MTL,UTA,6,2
2025020236,,14,15,TBL,WSH,3,2
2025020237,,3,2,NYR,NYI,0,5
2025020238,,12,7,CAR,BUF,6,3
2025020239,,19,55,STL,SEA,3,4
2025020240,,22,21,EDM,COL,1,9
2025020241,,23,29,VAN,CBJ,4,3
2025020242,,54,24,VGK,ANA,3,4
2025020243,,28,13,SJS,FLA,3,1
2025020244,,17,16,DET,CHI,1,5
2025020245,,5,26,PIT,LAK,2,3
2025020246,,10,12,TOR,CAR,4,5
2025020247,,9,68,OTT,UTA,4,2
2025020248,,25,55,DAL,SEA,2,1
2025020249,,30,20,MIN,CGY,2,0
2025020250,,23,21,VAN,COL,4,5
2025020251,,24,52,ANA,WPG,4,1
2025020252,,1,2,NJD,NYI,2,3
2025020253,,3,18,NYR,NSH,6,3
2025020254,,22,29,EDM,CBJ,5,4
2025020255,,54,13,VGK,FLA,2,3
2025020256,,6,10,BOS,TOR,5,3
2025020257,,8,26,MTL,LAK,1,5
2025020258,,9,25,OTT,DAL,2,3
2025020259,,12,15,CAR,WSH,1,4
2025020260,,19,20,STL,CGY,3,2
2025020261,,30,28,MIN,SJS,1,2
2025020262,,21,24,COL,ANA,4,1
2025020263,,23,52,VAN,WPG,3,5
2025020264,,55,29,SEA,CBJ,1,2
2025020265,,14,3,TBL,NYR,3,7
2025020266,,4,22,PHI,EDM,1,2
2025020267,,68,7,UTA,BUF,5,2
2025020268,,16,1,CHI,NJD,3,4
2025020269,,10,26,TOR,LAK,3,4
2025020270,,8,25,MTL,DAL,0,7
2025020271,,9,6,OTT,BOS,5,3
2025020272,,17,24,DET,ANA,6,3
2025020273,,13,15,FLA,WSH,6,3
2025020274,,29,22,CBJ,EDM,5,4
2025020275,,21,7,COL,BUF,6,3
2025020276,,20,28,CGY,SJS,2,0
2025020277,,54,2,VGK,NYI,3,4
2025020278,,55,52,SEA,WPG,5,3
2025020279,,12,23,CAR,VAN,4,3
2025020280,,19,4,STL,PHI,5,6
2025020281,,18,5,NSH,PIT,2,1
2025020282,,68,2,UTA,NYI,2,3
2025020283,,13,14,FLA,TBL,1,3
2025020284,,30,24,MIN,ANA,2,0
2025020285,,8,6,MTL,BOS,2,3
2025020286,,9,26,OTT,LAK,0,1
2025020287,,17,7,DET,BUF,4,5
2025020288,,15,1,WSH,NJD,2,3
2025020289,,12,22,CAR,EDM,3,4
2025020290,,29,3,CBJ,NYR,1,2
2025020291,,16,10,CHI,TOR,3,2
2025020292,,19,54,STL,VGK,1,4
2025020293,,25,4,DAL,PHI,5,1
2025020294,,20,52,CGY,WPG,3,4
2025020295,,55,28,SEA,SJS,4,1
2025020296,,5,18,PIT,NSH,4,0
2025020297,,14,23,TBL,VAN,2,6
2025020298,,30,54,MIN,VGK,3,2
2025020299,,3,17,NYR,DET,1,2
2025020300,,21,2,COL,NYI,4,1
2025020301,,6,12,BOS,CAR,1,3
2025020302,,7,22,BUF,EDM,5,1
2025020303,,13,23,FLA,VAN,8,5
2025020304,,15,26,WSH,LAK,2,1
2025020305,,29,8,CBJ,MTL,4,3
2025020306,,24,68,ANA,UTA,3,2
2025020307,,10,19,TOR,STL,3,2
2025020308,,17,55,DET,SEA,4,2
2025020309,,14,1,TBL,NJD,5,1
2025020310,,25,2,DAL,NYI,2,3
2025020311,,52,29,WPG,CBJ,5,2
2025020312,,16,20,CHI,CGY,5,2
2025020313,,54,3,VGK,NYR,3,2
2025020314,,28,68,SJS,UTA,3,2
2025020315,,15,22,WSH,EDM,7,4
2025020316,,7,20,BUF,CGY,2,6
2025020317,,30,12,MIN,CAR,4,3
2025020318,,24,6,ANA,BOS,4,3
2025020319,,10,29,TOR,CBJ,2,3
2025020320,,8,15,MTL,WSH,4,8
2025020321,,17,2,DET,NYI,0,5
2025020322,,14,22,TBL,EDM,2,1
2025020323,,13,1,FLA,NJD,1,0
2025020324,,4,19,PHI,STL,3,2
2025020325,,16,55,CHI,SEA,2,3
2025020326,,21,3,COL,NYR,6,3
2025020327,,68,54,UTA,VGK,1,4
2025020328,,23,25,VAN,DAL,2,4
2025020329,,24,9,ANA,OTT,2,3
2025020330,,28,26,SJS,LAK,4,3
2025020331,,7,16,BUF,CHI,9,3
2025020332,,5,30,PIT,MIN,0,5
2025020333,,52,12,WPG,CAR,3,4
2025020334,,26,6,LAK,BOS,1,2
2025020335,,17,29,DET,CBJ,4,3
2025020336,,2,19,NYI,STL,1,2
2025020337,,8,10,MTL,TOR,5,2
2025020338,,13,22,FLA,EDM,3,6
2025020339,,4,1,PHI,NJD,6,3
2025020340,,5,55,PIT,SEA,2,3
2025020341,,15,14,WSH,TBL,3,5
2025020342,,28,9,SJS,OTT,2,3
2025020343,,18,21,NSH,COL,0,3
2025020344,,68,3,UTA,NYR,3,2
2025020345,,20,25,CGY,DAL,3,2
2025020346,,24,54,ANA,VGK,4,3
2025020347,,7,12,BUF,CAR,4,1
2025020348,,52,30,WPG,MIN,0,3
2025020349,,2,55,NYI,SEA,1,0
2025020350,,16,21,CHI,COL,0,1
2025020351,,28,6,SJS,BOS,3,1
2025020352,,23,20,VAN,CGY,2,5
2025020353,,14,4,TBL,PHI,3,0
2025020354,,1,17,NJD,DET,4,3
2025020355,,3,19,NYR,STL,3,2
2025020356,,15,29,WSH,CBJ,5,1
2025020357,,18,13,NSH,FLA,3,8
2025020358,,68,54,UTA,VGK,5,1
2025020359,,26,9,LAK,OTT,2,1
2025020360,,22,25,EDM,DAL,3,8
2025020361,,17,18,DET,NSH,3,6
2025020362,,14,20,TBL,CGY,5,1
2025020363,,13,4,FLA,PHI,2,4
2025020364,,1,19,NJD,STL,3,2
2025020365,,2,6,NYI,BOS,1,3
2025020366,,5,7,PIT,BUF,4,2
2025020367,,15,52,WSH,WPG,4,3
2025020368,,12,3,CAR,NYR,2,4
2025020369,,29,10,CBJ,TOR,1,2
2025020370,,16,30,CHI,MIN,3,4
2025020371,,21,28,COL,SJS,6,0
2025020372,,68,8,UTA,MTL,3,4
2025020373,,54,9,VGK,OTT,3,4
2025020374,,24,23,ANA,VAN,4,5
2025020375,,55,25,SEA,DAL,2,3
2025020376,,6,3,BOS,NYR,2,6
2025020377,,17,14,DET,TBL,3,6
2025020378,,30,21,MIN,COL,3,2
2025020379,,7,1,BUF,NJD,0,5
2025020380,,13,20,FLA,CGY,3,5
2025020381,,2,4,NYI,PHI,3,4
2025020382,,19,9,STL,OTT,4,3
2025020383,,54,8,VGK,MTL,1,4
2025020384,,24,26,ANA,LAK,5,4
2025020385,,28,23,SJS,VAN,3,2
2025020386,,15,10,WSH,TOR,4,2
2025020387,,12,52,CAR,WPG,5,1
2025020388,,29,5,CBJ,PIT,3,4
2025020389,,16,18,CHI,NSH,3,4
2025020390,,25,68,DAL,UTA,4,3
2025020391,,3,14,NYR,TBL,1,4
2025020392,,21,8,COL,MTL,7,2
2025020393,,55,22,SEA,EDM,0,4
2025020394,,6,17,BOS,DET,3,2
2025020395,,1,4,NJD,PHI,3,5
2025020396,,5,10,PIT,TOR,2,7
2025020397,,18,52,NSH,WPG,2,5
2025020398,,19,68,STL,UTA,1,0
2025020399,,30,7,MIN,BUF,2,3
2025020400,,54,28,VGK,SJS,4,3
2025020401,,26,23,LAK,VAN,2,1
2025020402,,2,15,NYI,WSH,1,4
2025020403,,16,24,CHI,ANA,5,3
2025020404,,12,20,CAR,CGY,1,0
2025020405,,25,9,DAL,OTT,6,1
2025020406,,1,29,NJD,CBJ,3,5
2025020407,,4,5,PHI,PIT,1,5
2025020408,,7,52,BUF,WPG,5,1
2025020409,,19,24,STL,ANA,1,4
2025020410,,28,68,SJS,UTA,6,3
2025020411,,8,9,MTL,OTT,2,5
2025020412,,17,6,DET,BOS,5,4
2025020413,,13,10,FLA,TOR,1,4
2025020414,,2,14,NYI,TBL,2,1
2025020415,,3,25,NYR,DAL,3,2
2025020416,,18,20,NSH,CGY,5,1
2025020417,,21,23,COL,VAN,3,1
2025020418,,22,30,EDM,MIN,0,1
2025020419,,54,16,VGK,CHI,4,3
2025020420,,26,15,LAK,WSH,1,3
2025020421,,1,25,NJD,DAL,0,3
2025020422,,8,52,MTL,WPG,3,2
2025020423,,4,7,PHI,BUF,5,2
2025020424,,24,68,ANA,UTA,0,7
2025020425,,28,15,SJS,WSH,1,7
2025020426,,6,19,BOS,STL,5,2
2025020427,,9,3,OTT,NYR,2,4
2025020428,,14,5,TBL,PIT,3,4
2025020429,,13,18,FLA,NSH,1,2
2025020430,,2,21,NYI,COL,6,3
2025020431,,12,10,CAR,TOR,1,5
2025020432,,29,17,CBJ,DET,6,5
2025020433,,20,30,CGY,MIN,4,1
2025020434,,22,55,EDM,SEA,9,4
2025020435,,26,16,LAK,CHI,1,2
2025020436,,1,54,NJD,VGK,0,3
2025020437,,52,7,WPG,BUF,4,1
2025020438,,25,28,DAL,SJS,4,1
2025020439,,23,68,VAN,UTA,1,4
2025020440,,24,15,ANA,WSH,4,3
2025020441,,3,21,NYR,COL,2,3
2025020442,,13,29,FLA,CBJ,7,6
2025020443,,6,1,BOS,NJD,4,1
2025020444,,10,8,TOR,MTL,1,2
2025020445,,9,19,OTT,STL,1,2
2025020446,,14,2,TBL,NYI,0,2
2025020447,,12,18,CAR,NSH,6,3
2025020448,,20,68,CGY,UTA,2,0
2025020449,,26,16,LAK,CHI,6,0
2025020450,,22,52,EDM,WPG,6,2
2025020451,,23,30,VAN,MIN,4,2
2025020452,,55,17,SEA,DET,3,4
2025020453,,4,21,PHI,COL,2,3
2025020454,,13,2,FLA,NYI,4,1
2025020455,,12,28,CAR,SJS,1,4
2025020456,,25,5,DAL,PIT,3,2
2025020457,,8,19,MTL,STL,3,4
2025020458,,3,54,NYR,VGK,2,3
2025020459,,15,29,WSH,CBJ,2,0
2025020460,,24,16,ANA,CHI,7,1
2025020461,,10,14,TOR,TBL,2,0
2025020462,,68,26,UTA,LAK,2,4
2025020463,,20,7,CGY,BUF,7,4
2025020464,,23,17,VAN,DET,0,4
2025020465,,55,30,SEA,MIN,1,4
2025020466,,8,14,MTL,TBL,1,6
2025020467,,9,1,OTT,NJD,3,4
2025020468,,2,54,NYI,VGK,5,4
2025020469,,4,28,PHI,SJS,4,1
2025020470,,5,24,PIT,ANA,3,4
2025020471,,12,29,CAR,CBJ,4,1
2025020472,,19,6,STL,BOS,2,5
2025020473,,52,25,WPG,DAL,3,4
2025020474,,22,7,EDM,BUF,3,4
2025020475,,18,21,NSH,COL,4,3
2025020476,,16,3,CHI,NYR,3,0
2025020477,,20,17,CGY,DET,3,4
2025020478,,68,13,UTA,FLA,3,4
2025020479,,55,26,SEA,LAK,3,2
2025020480,,10,28,TOR,SJS,2,3
2025020481,,1,14,NJD,TBL,4,8
2025020482,,2,24,NYI,ANA,5,2
2025020483,,4,54,PHI,VGK,2,3
2025020484,,5,8,PIT,MTL,2,4
2025020485,,15,12,WSH,CAR,2,3
2025020486,,29,9,CBJ,OTT,3,6
2025020487,,18,19,NSH,STL,7,2
2025020488,,30,25,MIN,DAL,5,2
2025020489,,52,6,WPG,BOS,3,6
2025020490,,21,13,COL,FLA,6,2
2025020491,,22,17,EDM,DET,4,1
2025020492,,23,7,VAN,BUF,2,3
2025020493,,19,16,STL,CHI,3,2
2025020494,,68,55,UTA,SEA,5,3
2025020495,,1,24,NJD,ANA,4,1
2025020496,,30,9,MIN,OTT,3,2
2025020497,,5,28,PIT,SJS,5,6
2025020498,,2,14,NYI,TBL,3,2
2025020499,,10,22,TOR,EDM,3,6
2025020500,,3,8,NYR,MTL,5,4
2025020501,,4,12,PHI,CAR,3,4
2025020502,,29,54,CBJ,VGK,2,3
2025020503,,52,15,WPG,WSH,5,1
2025020504,,16,17,CHI,DET,0,4
2025020505,,25,13,DAL,FLA,0,4
2025020506,,21,18,COL,NSH,4,2
2025020507,,26,20,LAK,CGY,1,2
2025020508,,1,23,NJD,VAN,1,2
2025020509,,5,68,PIT,UTA,4,5
2025020510,,12,4,CAR,PHI,3,2
2025020511,,30,6,MIN,BOS,6,2
2025020512,,8,22,MTL,EDM,4,1
2025020513,,55,7,SEA,BUF,1,3
2025020514,,14,13,TBL,FLA,2,5
2025020515,,3,24,NYR,ANA,1,4
2025020516,,52,9,WPG,OTT,2,3
2025020517,,19,18,STL,NSH,2,5
2025020518,,25,26,DAL,LAK,4,1
2025020519,,6,68,BOS,UTA,4,1
2025020520,,10,16,TOR,CHI,3,2
2025020521,,8,4,MTL,PHI,1,4
2025020522,,17,2,DET,NYI,3,2
2025020523,,3,23,NYR,VAN,0,3
2025020524,,5,22,PIT,EDM,4,6
2025020525,,29,24,CBJ,ANA,4,3
2025020526,,30,15,MIN,WSH,5,0
2025020527,,28,20,SJS,CGY,6,3
2025020528,,55,21,SEA,COL,3,5
2025020529,,13,26,FLA,LAK,3,2
2025020530,,17,68,DET,UTA,1,4
2025020531,,19,52,STL,WPG,1,0
2025020532,,18,12,NSH,CAR,1,4
2025020533,,54,1,VGK,NJD,1,2
2025020534,,6,22,BOS,EDM,1,3
2025020535,,7,4,BUF,PHI,5,3
2025020536,,8,16,MTL,CHI,4,1
2025020537,,9,5,OTT,PIT,4,0
2025020538,,14,26,TBL,LAK,1,2
2025020539,,15,10,WSH,TOR,4,0
2025020540,,29,30,CBJ,MIN,2,5
2025020541,,19,3,STL,NYR,1,2
2025020542,,20,55,CGY,SEA,4,2
2025020543,,28,25,SJS,DAL,3,5
2025020544,,13,12,FLA,CAR,4,3
2025020545,,2,23,NYI,VAN,1,4
2025020546,,21,52,COL,WPG,3,2
2025020547,,68,1,UTA,NJD,1,2
2025020548,,24,25,ANA,DAL,3,8
2025020549,,3,4,NYR,PHI,5,4
2025020550,,15,17,WSH,DET,2,5
2025020551,,9,16,OTT,CHI,6,4
2025020552,,30,22,MIN,EDM,5,2
2025020553,,7,2,BUF,NYI,3,2
2025020554,,13,19,FLA,STL,2,6
2025020555,,6,23,BOS,VAN,4,5
2025020556,,8,5,MTL,PIT,4,0
2025020557,,14,12,TBL,CAR,6,4
2025020558,,18,10,NSH,TOR,5,3
2025020559,,20,54,CGY,VGK,6,3
2025020560,,24,29,ANA,CBJ,4,3
2025020561,,28,55,SJS,SEA,2,4
2025020562,,17,15,DET,WSH,3,2
2025020563,,30,21,MIN,COL,1,5
2025020564,,6,9,BOS,OTT,2,6
2025020565,,1,7,NJD,BUF,1,3
2025020566,,5,8,PIT,MTL,4,3
2025020567,,18,3,NSH,NYR,2,1
2025020568,,25,10,DAL,TOR,5,1
2025020569,,68,52,UTA,WPG,4,3
2025020570,,22,54,EDM,VGK,4,3
2025020571,,14,19,TBL,STL,4,1
2025020572,,4,23,PHI,VAN,5,2
2025020573,,24,55,ANA,SEA,1,3
2025020574,,26,29,LAK,CBJ,1,3
2025020575,,10,5,TOR,PIT,6,3
2025020576,,15,3,WSH,NYR,3,7
2025020577,,6,8,BOS,MTL,2,6
2025020578,,9,7,OTT,BUF,2,3
2025020579,,17,25,DET,DAL,4,3
2025020580,,2,1,NYI,NJD,2,1
2025020581,,12,13,CAR,FLA,2,5
2025020582,,30,18,MIN,NSH,2,3
2025020583,,16,4,CHI,PHI,1,3
2025020584,,21,68,COL,UTA,1,0
2025020585,,22,20,EDM,CGY,5,1
2025020586,,54,28,VGK,SJS,7,2
2025020587,,26,55,LAK,SEA,2,3
2025020588,,2,3,NYI,NYR,2,0
2025020589,,7,6,BUF,BOS,4,1
2025020590,,10,9,TOR,OTT,7,5
2025020591,,13,14,FLA,TBL,2,4
2025020592,,1,15,NJD,WSH,3,4
2025020593,,12,17,CAR,DET,5,2
2025020594,,52,30,WPG,MIN,3,4
2025020595,,19,18,STL,NSH,3,2
2025020596,,25,16,DAL,CHI,3,4
2025020597,,26,24,LAK,ANA,6,1
2025020598,,20,22,CGY,EDM,3,2
2025020599,,23,28,VAN,SJS,3,6
2025020600,,54,21,VGK,COL,5,6
2025020601,,17,10,DET,TOR,3,2
2025020602,,14,8,TBL,MTL,5,4
2025020603,,29,2,CBJ,NYI,4,2
2025020604,,16,5,CHI,PIT,3,7
2025020605,,55,4,SEA,PHI,4,1
2025020606,,9,29,OTT,CBJ,1,4
2025020607,,13,15,FLA,WSH,5,3
2025020608,,12,3,CAR,NYR,3,2
2025020609,,52,22,WPG,EDM,1,3
2025020610,,19,7,STL,BUF,2,4
2025020611,,21,26,COL,LAK,5,2
2025020612,,68,18,UTA,NSH,3,4
2025020613,,20,6,CGY,BOS,2,1
2025020614,,54,30,VGK,MIN,2,5
2025020615,,24,28,ANA,SJS,4,5
2025020616,,55,23,SEA,VAN,2,3
2025020617,,10,1,TOR,NJD,4,0
2025020618,,13,8,FLA,MTL,2,3
2025020619,,5,12,PIT,CAR,5,1
2025020620,,16,2,CHI,NYI,2,3
2025020621,,23,4,VAN,PHI,3,6
2025020622,,15,3,WSH,NYR,6,3
2025020623,,54,18,VGK,NSH,2,4
2025020624,,24,14,ANA,TBL,3,4
2025020625,,28,30,SJS,MIN,4,3
2025020626,,17,52,DET,WPG,2,1
2025020627,,29,1,CBJ,NJD,2,3
2025020628,,25,7,DAL,BUF,1,4
2025020629,,21,19,COL,STL,6,1
2025020630,,20,4,CGY,PHI,5,1
2025020631,,22,6,EDM,BOS,2,6
2025020632,,9,15,OTT,WSH,4,3
2025020633,,2,68,NYI,UTA,2,7
2025020634,,10,52,TOR,WPG,6,5
2025020635,,5,17,PIT,DET,4,3
2025020636,,12,8,CAR,MTL,5,7
2025020637,,16,25,CHI,DAL,4,3
2025020638,,55,18,SEA,NSH,4,1
2025020639,,26,14,LAK,TBL,3,5
2025020640,,19,54,STL,VGK,4,3
2025020641,,13,3,FLA,NYR,1,5
2025020642,,23,55,VAN,SEA,3,4
2025020643,,24,30,ANA,MIN,2,5
2025020644,,17,5,DET,PIT,1,4
2025020645,,1,68,NJD,UTA,4,1
2025020646,,29,7,CBJ,BUF,5,1
2025020647,,22,4,EDM,PHI,2,5
2025020648,,19,8,STL,MTL,2,0
2025020649,,28,14,SJS,TBL,3,7
2025020650,,9,52,OTT,WPG,4,2
2025020651,,2,10,NYI,TOR,4,3
2025020652,,15,16,WSH,CHI,2,3
2025020653,,12,21,CAR,COL,3,5
2025020654,,20,18,CGY,NSH,3,4
2025020655,,26,30,LAK,MIN,5,4
2025020656,,23,6,VAN,BOS,2,3
2025020657,,25,8,DAL,MTL,3,4
2025020658,,29,5,CBJ,PIT,4,5
2025020659,,13,21,FLA,COL,2,1
2025020660,,1,12,NJD,CAR,1,3
2025020661,,16,54,CHI,VGK,3,2
2025020662,,3,68,NYR,UTA,2,3
2025020663,,15,24,WSH,ANA,7,4
2025020664,,9,17,OTT,DET,3,5
2025020665,,20,55,CGY,SEA,1,5
2025020666,,26,30,LAK,MIN,4,2
2025020667,,7,23,BUF,VAN,5,3
2025020668,,14,21,TBL,COL,4,2
2025020669,,2,1,NYI,NJD,9,0
2025020670,,4,24,PHI,ANA,5,2
2025020671,,12,25,CAR,DAL,6,3
2025020672,,10,13,TOR,FLA,4,1
2025020673,,52,54,WPG,VGK,3,4
2025020674,,22,18,EDM,NSH,6,2
2025020675,,28,29,SJS,CBJ,5,2
2025020676,,55,6,SEA,BOS,7,4
2025020677,,15,25,WSH,DAL,1,4
2025020678,,8,20,MTL,CGY,4,1
2025020679,,16,19,CHI,STL,7,3
2025020680,,68,9,UTA,OTT,3,1
2025020681,,26,28,LAK,SJS,3,4
2025020682,,6,20,BOS,CGY,4,1
2025020683,,8,13,MTL,FLA,6,2
2025020684,,17,23,DET,VAN,5,1
2025020685,,3,7,NYR,BUF,2,5
2025020686,,4,10,PHI,TOR,1,2
2025020687,,5,1,PIT,NJD,4,1
2025020688,,12,24,CAR,ANA,5,2
2025020689,,18,2,NSH,NYI,2,1
2025020690,,52,22,WPG,EDM,3,4
2025020691,,21,9,COL,OTT,8,2
2025020692,,54,29,VGK,CBJ,5,3
2025020693,,55,30,SEA,MIN,2,3
2025020694,,16,15,CHI,WSH,1,5
2025020695,,52,26,WPG,LAK,5,1
2025020696,,68,19,UTA,STL,4,2
2025020697,,6,3,BOS,NYR,10,2
2025020698,,5,20,PIT,CGY,1,2
2025020699,,21,29,COL,CBJ,4,0
2025020700,,28,25,SJS,DAL,5,4
2025020701,,7,24,BUF,ANA,5,3
2025020702,,10,23,TOR,VAN,5,0
2025020703,,8,17,MTL,DET,0,4
2025020704,,9,13,OTT,FLA,2,3
2025020705,,4,14,PHI,TBL,2,7
2025020706,,12,55,CAR,SEA,3,2
2025020707,,18,16,NSH,CHI,0,3
2025020708,,30,2,MIN,NYI,3,4
2025020709,,22,26,EDM,LAK,3,4
2025020710,,54,19,VGK,STL,4,2
2025020711,,52,1,WPG,NJD,4,3
2025020712,,6,5,BOS,PIT,1,0
2025020713,,18,15,NSH,WSH,3,2
2025020714,,68,29,UTA,CBJ,2,3
2025020715,,28,54,SJS,VGK,2,7
2025020716,,7,13,BUF,FLA,3,4
2025020717,,17,12,DET,CAR,4,3
2025020718,,3,55,NYR,SEA,2,4
2025020719,,4,14,PHI,TBL,1,5
2025020720,,8,23,MTL,VAN,6,3
2025020721,,30,1,MIN,NJD,2,5
2025020722,,16,22,CHI,EDM,1,4
2025020723,,21,10,COL,TOR,3,4
2025020724,,26,25,LAK,DAL,1,3
2025020725,,9,23,OTT,VAN,2,1
2025020726,,5,14,PIT,TBL,1,2
2025020727,,15,8,WSH,MTL,3,2
2025020728,,29,20,CBJ,CGY,5,3
2025020729,,6,17,BOS,DET,3,0
2025020730,,19,12,STL,CAR,3,0
2025020731,,18,22,NSH,EDM,4,3
2025020732,,52,2,WPG,NYI,5,4
2025020733,,68,10,UTA,TOR,6,1
2025020734,,24,25,ANA,DAL,3,1
2025020735,,1,55,NJD,SEA,3,2
2025020736,,7,4,BUF,PHI,5,2
2025020737,,3,9,NYR,OTT,4,8
2025020738,,26,54,LAK,VGK,2,3
2025020739,,6,55,BOS,SEA,4,2
2025020740,,7,8,BUF,MTL,5,3
2025020741,,5,4,PIT,PHI,6,3
2025020742,,15,28,WSH,SJS,2,3
2025020743,,29,23,CBJ,VAN,4,1
2025020744,,30,52,MIN,WPG,2,6
2025020745,,16,20,CHI,CGY,1,3
2025020746,,68,25,UTA,DAL,2,1
2025020747,,22,2,EDM,NYI,0,1
2025020748,,54,10,VGK,TOR,6,5
2025020749,,17,28,DET,SJS,4,2
2025020750,,12,13,CAR,FLA,9,1
2025020751,,19,14,STL,TBL,3,2
2025020752,,21,18,COL,NSH,3,7
2025020753,,26,24,LAK,ANA,2,3
2025020754,,7,30,BUF,MIN,4,5
2025020755,,4,3,PHI,NYR,3,6
2025020756,,20,2,CGY,NYI,4,2
2025020757,,68,55,UTA,SEA,6,3
2025020758,,9,8,OTT,MTL,5,6
2025020759,,1,12,NJD,CAR,1,4
2025020760,,5,29,PIT,CBJ,3,4
2025020761,,15,13,WSH,FLA,2,5
2025020762,,52,10,WPG,TOR,3,4
2025020763,,16,6,CHI,BOS,2,5
2025020764,,23,22,VAN,EDM,0,6
2025020765,,54,18,VGK,NSH,7,2
2025020766,,24,26,ANA,LAK,2,1
2025020767,,25,14,DAL,TBL,1,4
2025020768,,17,9,DET,OTT,4,3
2025020769,,22,19,EDM,STL,5,0
2025020770,,12,7,CAR,BUF,2,1
2025020771,,21,15,COL,WSH,5,2
2025020772,,55,5,SEA,PIT,3,6
2025020773,,13,28,FLA,SJS,1,4
2025020774,,10,30,TOR,MIN,3,6
2025020775,,54,4,VGK,PHI,1,2
2025020776,,16,52,CHI,WPG,2,0
2025020777,,20,1,CGY,NJD,1,2
2025020778,,23,2,VAN,NYI,3,4
2025020779,,24,3,ANA,NYR,5,3
2025020780,,8,30,MTL,MIN,4,3
2025020781,,14,28,TBL,SJS,4,1
2025020782,,29,9,CBJ,OTT,1,4
2025020783,,25,6,DAL,BOS,6,2
2025020784,,18,7,NSH,BUF,3,5
2025020785,,52,19,WPG,STL,3,1
2025020786,,22,1,EDM,NJD,1,2
2025020787,,26,3,LAK,NYR,4,3
2025020788,,10,17,TOR,DET,1,2
2025020789,,21,24,COL,ANA,1,2
2025020790,,68,4,UTA,PHI,5,4
2025020791,,20,5,CGY,PIT,1,4
2025020792,,23,15,VAN,WSH,4,3
2025020793,,55,2,SEA,NYI,4,1
2025020794,,6,54,BOS,VGK,4,3
2025020795,,8,7,MTL,BUF,2,4
2025020796,,12,16,CAR,CHI,3,4
2025020797,,29,25,CBJ,DAL,1,0
2025020798,,18,9,NSH,OTT,5,3
2025020799,,52,13,WPG,FLA,1,2
2025020800,,22,5,EDM,PIT,2,6
2025020801,,30,17,MIN,DET,4,3
2025020802,,10,54,TOR,VGK,3,6
2025020803,,16,14,CHI,TBL,1,2
2025020804,,25,19,DAL,STL,3,2
2025020805,,21,4,COL,PHI,3,7
2025020806,,20,15,CGY,WSH,1,3
2025020807,,23,1,VAN,NJD,4,5
2025020808,,28,3,SJS,NYR,3,1
2025020809,,55,24,SEA,ANA,2,4
2025020810,,2,7,NYI,BUF,0,5
2025020811,,18,68,NSH,UTA,2,5
2025020812,,6,8,BOS,MTL,4,3
2025020813,,9,12,OTT,CAR,1,4
2025020814,,29,14,CBJ,TBL,8,5
2025020815,,52,17,WPG,DET,1,5
2025020816,,19,26,STL,LAK,4,5
2025020817,,30,13,MIN,FLA,3,4
2025020818,,22,15,EDM,WSH,6,5
2025020819,,10,21,TOR,COL,1,4
2025020820,,55,1,SEA,NJD,4,2
2025020821,,9,54,OTT,VGK,7,1
2025020822,,23,5,VAN,PIT,2,3
2025020823,,16,13,CHI,FLA,1,5
2025020824,,20,24,CGY,ANA,3,4
2025020825,,14,68,TBL,UTA,2,0
2025020826,,3,6,NYR,BOS,4,3
2025020827,,4,2,PHI,NYI,0,4
2025020828,,29,26,CBJ,LAK,4,5
2025020829,,22,24,EDM,ANA,7,4
2025020830,,6,18,BOS,NSH,3,2
2025020831,,10,7,TOR,BUF,4,7
2025020832,,8,54,MTL,VGK,3,2
2025020833,,17,26,DET,LAK,1,3
2025020834,,13,68,FLA,UTA,3,4
2025020835,,1,52,NJD,WPG,3,4
2025020836,,19,25,STL,DAL,3,4
2025020837,,30,16,MIN,CHI,4,3
2025020838,,23,28,VAN,SJS,2,5
2025020839,,55,15,SEA,WSH,5,1
2025020840,,29,4,CBJ,PHI,5,3
2025020841,,9,21,OTT,COL,5,2
2025020842,,2,3,NYI,NYR,5,2
2025020843,,6,4,BOS,PHI,6,3
2025020844,,7,26,BUF,LAK,4,1
2025020845,,8,21,MTL,COL,7,3
2025020846,,17,15,DET,WSH,3,4
2025020847,,14,52,TBL,WPG,4,1
2025020848,,1,18,NJD,NSH,3,2
2025020849,,3,2,NYR,NYI,1,2
2025020850,,5,16,PIT,CHI,6,2
2025020851,,12,68,CAR,UTA,5,4
2025020852,,19,13,STL,FLA,5,4
2025020853,,30,20,MIN,CGY,4,1
2025020854,,22,28,EDM,SJS,4,3
2025020855,,23,24,VAN,ANA,2,0
2025020856,,54,25,VGK,DAL,4,5
2025020857,,55,10,SEA,TOR,5,2
2025020858,,16,29,CHI,CBJ,2,4
2025020859,,4,26,PHI,LAK,2,3
2025020860,,17,21,DET,COL,0,5
2025020861,,5,3,PIT,NYR,6,5
2025020862,,13,52,FLA,WPG,1,2
2025020863,,20,28,CGY,SJS,3,2
2025020864,,15,12,WSH,CAR,4,3
2025020865,,7,8,BUF,MTL,2,4
2025020866,,9,1,OTT,NJD,4,1
2025020867,,2,18,NYI,NSH,3,4
2025020868,,19,29,STL,CBJ,3,5
2025020869,,23,10,VAN,TOR,2,3
2025020870,,68,25,UTA,DAL,2,3
2025020871,,22,30,EDM,MIN,3,7
2025020872,,54,55,VGK,SEA,2,3
2025020873,,14,6,TBL,BOS,6,5
2025020874,,12,26,CAR,LAK,3,2
2025020875,,24,54,ANA,VGK,4,3
2025020876,,13,7,FLA,BUF,3,5
2025020877,,5,9,PIT,OTT,2,3
2025020878,,15,2,WSH,NYI,4,1
2025020879,,30,8,MIN,MTL,4,3
2025020880,,18,19,NSH,STL,6,5
2025020881,,16,28,CHI,SJS,6,3
2025020882,,25,52,DAL,WPG,4,3
2025020883,,21,17,COL,DET,0,2
2025020884,,68,23,UTA,VAN,6,2
2025020885,,20,10,CGY,TOR,2,4
2025020886,,14,7,TBL,BUF,4,3
2025020887,,1,29,NJD,CBJ,0,3
2025020888,,2,5,NYI,PIT,5,4
2025020889,,4,15,PHI,WSH,4,2
2025020890,,12,9,CAR,OTT,4,3
2025020891,,22,10,EDM,TOR,2,5
2025020892,,24,55,ANA,SEA,4,2
2025020893,,13,6,FLA,BOS,5,4
2025020894,,29,16,CBJ,CHI,4,0
2025020895,,52,8,WPG,MTL,1,5
2025020896,,18,30,NSH,MIN,5,6
2025020897,,21,28,COL,SJS,4,2
2025020898,,68,17,UTA,DET,4,1
2025020899,,25,19,DAL,STL,5,4
2025020900,,20,22,CGY,EDM,4,3
2025020901,,54,23,VGK,VAN,5,2
2025020902,,26,55,LAK,SEA,2,4
2025020903,,7,5,BUF,PIT,2,5
2025020904,,14,13,TBL,FLA,6,1
2025020905,,1,2,NJD,NYI,1,3
2025020906,,3,12,NYR,CAR,0,2
2025020907,,4,9,PHI,OTT,1,2
2025020908,,15,18,WSH,NSH,4,2
2025020909,,54,26,VGK,LAK,4,1
2025020910,,1,7,NJD,BUF,1,2
2025020911,,15,4,WSH,PHI,3,1
2025020912,,14,10,TBL,TOR,4,2
2025020913,,25,55,DAL,SEA,4,1
2025020914,,68,21,UTA,COL,2,4
2025020915,,23,52,VAN,WPG,2,3
2025020916,,26,54,LAK,VGK,4,6
2025020917,,24,22,ANA,EDM,6,5
2025020918,,6,29,BOS,CBJ,4,2
2025020919,,8,2,MTL,NYI,3,4
2025020920,,9,17,OTT,DET,1,2
2025020921,,13,10,FLA,TOR,5,1
2025020922,,5,1,PIT,NJD,4,1
2025020923,,12,14,CAR,TBL,5,4
2025020924,,3,4,NYR,PHI,2,3
2025020925,,19,55,STL,SEA,5,1
2025020926,,18,16,NSH,CHI,4,2
2025020927,,21,30,COL,MIN,2,5
2025020928,,28,20,SJS,CGY,1,4
2025020929,,26,22,LAK,EDM,1,8
2025020930,,13,7,FLA,BUF,2,3
2025020931,,15,54,WSH,VGK,3,2
2025020932,,68,30,UTA,MIN,5,2
2025020933,,24,52,ANA,WPG,5,4
2025020934,,3,5,NYR,PIT,3,2
2025020935,,4,6,PHI,BOS,3,1
2025020936,,28,22,SJS,EDM,5,4
2025020937,,29,2,CBJ,NYI,3,4
2025020938,,21,16,COL,CHI,3,1
2025020939,,10,9,TOR,OTT,2,5
2025020940,,8,15,MTL,WSH,6,2
2025020941,,14,7,TBL,BUF,2,6
2025020942,,12,17,CAR,DET,5,2
2025020943,,19,1,STL,NJD,1,3
2025020944,,26,20,LAK,CGY,2,0
2025020945,,25,18,DAL,NSH,3,2
2025020946,,55,23,SEA,VAN,5,1
2025020947,,5,54,PIT,VGK,5,0
2025020948,,2,13,NYI,FLA,5,4
2025020949,,68,16,UTA,CHI,0,4
2025020950,,28,52,SJS,WPG,2,1
2025020951,,30,19,MIN,STL,1,3
2025020952,,24,20,ANA,CGY,3,2
2025020953,,3,29,NYR,CBJ,4,5
2025020954,,10,4,TOR,PHI,2,3
2025020955,,18,17,NSH,DET,2,4
2025020956,,23,25,VAN,DAL,1,6
2025020957,,55,12,SEA,CAR,2,1
2025020958,,26,21,LAK,COL,2,4
2025020959,,6,5,BOS,PIT,2,1
2025020960,,7,54,BUF,VGK,3,2
2025020961,,1,13,NJD,FLA,5,1
2025020962,,15,68,WSH,UTA,2,3
2025020963,,29,18,CBJ,NSH,3,2
2025020964,,52,16,WPG,CHI,3,2
2025020965,,20,25,CGY,DAL,1,6
2025020966,,22,9,EDM,OTT,5,4
2025020967,,30,14,MIN,TBL,5,1
2025020968,,24,21,ANA,COL,1,5
2025020969,,28,8,SJS,MTL,7,5
2025020970,,17,54,DET,VGK,3,4
2025020971,,1,10,NJD,TOR,4,3
2025020972,,23,12,VAN,CAR,4,6
2025020973,,24,2,ANA,NYI,5,1
2025020974,,55,19,SEA,STL,2,3
2025020975,,3,10,NYR,TOR,6,2
2025020976,,4,68,PHI,UTA,0,3
2025020977,,5,7,PIT,BUF,1,5
2025020978,,29,13,CBJ,FLA,4,2
2025020979,,18,6,NSH,BOS,6,3
2025020980,,52,14,WPG,TBL,4,1
2025020981,,20,9,CGY,OTT,1,4
2025020982,,26,2,LAK,NYI,5,3
2025020983,,17,13,DET,FLA,1,3
2025020984,,25,21,DAL,COL,4,5
2025020985,,16,23,CHI,VAN,3,6
2025020986,,22,12,EDM,CAR,3,6
2025020987,,24,8,ANA,MTL,6,5
2025020988,,54,30,VGK,MIN,2,4
2025020989,,28,19,SJS,STL,2,3
2025020990,,6,15,BOS,WSH,3,1
2025020991,,1,3,NJD,NYR,6,3
2025020992,,7,18,BUF,NSH,3,2
2025020993,,5,4,PIT,PHI,3,4
2025020994,,10,14,TOR,TBL,2,5
2025020995,,29,68,CBJ,UTA,4,5
2025020996,,52,23,WPG,VAN,3,2
2025020997,,26,8,LAK,MTL,3,4
2025020998,,20,12,CGY,CAR,5,4
2025020999,,28,2,SJS,NYI,1,2
2025021000,,55,9,SEA,OTT,4,7
2025021001,,21,30,COL,MIN,3,2
2025021002,,5,6,PIT,BOS,5,4
2025021003,,7,14,BUF,TBL,8,7
2025021004,,25,16,DAL,CHI,4,3
2025021005,,1,17,NJD,DET,0,3
2025021006,,24,19,ANA,STL,0,4
2025021007,,54,22,VGK,EDM,2,4
2025021008,,4,3,PHI,NYR,2,6
2025021009,,15,20,WSH,CGY,7,3
2025021010,,16,68,CHI,UTA,3,2
2025021011,,23,9,VAN,OTT,0,2
2025021012,,6,26,BOS,LAK,2,1
2025021013,,7,28,BUF,SJS,6,3
2025021014,,8,10,MTL,TOR,3,1
2025021015,,14,29,TBL,CBJ,2,5
2025021016,,13,17,FLA,DET,4,3
2025021017,,3,20,NYR,CGY,4,0
2025021018,,12,5,CAR,PIT,5,4
2025021019,,19,2,STL,NYI,3,4
2025021020,,25,54,DAL,VGK,2,1
2025021021,,30,68,MIN,UTA,5,0
2025021022,,52,24,WPG,ANA,1,4
2025021023,,21,22,COL,EDM,3,4
2025021024,,55,18,SEA,NSH,2,4
2025021025,,9,8,OTT,MTL,2,3
2025021026,,4,15,PHI,WSH,4,1
2025021027,,6,28,BOS,SJS,2,4
2025021028,,7,15,BUF,WSH,1,2
2025021029,,10,24,TOR,ANA,6,4
2025021030,,14,17,TBL,DET,4,1
2025021031,,13,29,FLA,CBJ,2,1
2025021032,,1,20,NJD,CGY,4,5
2025021033,,12,19,CAR,STL,1,3
2025021034,,25,22,DAL,EDM,7,2
2025021035,,30,4,MIN,PHI,2,3
2025021036,,52,3,WPG,NYR,3,6
2025021037,,68,16,UTA,CHI,2,3
2025021038,,23,18,VAN,NSH,4,3
2025021039,,54,5,VGK,PIT,6,2
2025021040,,55,21,SEA,COL,1,5
2025021041,,2,26,NYI,LAK,2,3
2025021042,,19,22,STL,EDM,3,2
2025021043,,9,24,OTT,ANA,2,0
2025021044,,15,6,WSH,BOS,2,3
2025021045,,52,21,WPG,COL,3,1
2025021046,,30,3,MIN,NYR,2,4
2025021047,,7,10,BUF,TOR,3,2
2025021048,,8,28,MTL,SJS,2,4
2025021049,,14,12,TBL,CAR,2,4
2025021050,,1,26,NJD,LAK,6,4
2025021051,,2,20,NYI,CGY,3,2
2025021052,,4,29,PHI,CBJ,1,2
2025021053,,25,17,DAL,DET,3,2
2025021054,,68,5,UTA,PIT,3,4
2025021055,,23,55,VAN,SEA,2,5
2025021056,,54,16,VGK,CHI,4,0
2025021057,,52,19,WPG,STL,3,2
2025021058,,9,28,OTT,SJS,7,4
2025021059,,8,24,MTL,ANA,3,4
2025021060,,30,10,MIN,TOR,2,4
2025021061,,22,18,EDM,NSH,3,1
2025021062,,55,13,SEA,FLA,6,2
2025021063,,17,20,DET,CGY,5,2
2025021064,,1,6,NJD,BOS,4,3
2025021065,,3,26,NYR,LAK,1,4
2025021066,,25,68,DAL,UTA,3,6
2025021067,,21,5,COL,PIT,2,7
2025021068,,10,2,TOR,NYI,1,3
2025021069,,8,6,MTL,BOS,3,2
2025021070,,29,12,CBJ,CAR,5,1
2025021071,,52,18,WPG,NSH,3,4
2025021072,,16,30,CHI,MIN,3,4
2025021073,,22,28,EDM,SJS,5,3
2025021074,,23,13,VAN,FLA,5,2
2025021075,,54,7,VGK,BUF,0,2
2025021076,,55,14,SEA,TBL,2,6
2025021077,,3,1,NYR,NJD,3,6
2025021078,,12,5,CAR,PIT,6,5
2025021079,,15,9,WSH,OTT,4,1
2025021080,,21,25,COL,DAL,1,2
2025021081,,20,19,CGY,STL,2,1
2025021082,,24,4,ANA,PHI,2,3
2025021083,,6,52,BOS,WPG,6,1
2025021084,,9,2,OTT,NYI,3,2
2025021085,,17,8,DET,MTL,3,1
2025021086,,29,3,CBJ,NYR,6,3
2025021087,,18,55,NSH,SEA,3,1
2025021088,,30,16,MIN,CHI,1,2
2025021089,,22,13,EDM,FLA,0,4
2025021090,,23,14,VAN,TBL,2,6
2025021091,,54,68,VGK,UTA,0,4
2025021092,,28,7,SJS,BUF,0,5
2025021093,,26,4,LAK,PHI,3,4
2025021094,,10,12,TOR,CAR,3,4
2025021095,,15,1,WSH,NJD,2,1
2025021096,,16,21,CHI,COL,1,4
2025021097,,20,13,CGY,FLA,4,1
2025021098,,68,24,UTA,ANA,1,4
2025021099,,5,52,PIT,WPG,5,4
2025021100,,18,54,NSH,VGK,4,1
2025021101,,30,25,MIN,DAL,2,1
2025021102,,26,7,LAK,BUF,1,4
2025021103,,28,4,SJS,PHI,1,4
2025021104,,29,55,CBJ,SEA,5,2
2025021105,,8,2,MTL,NYI,7,3
2025021106,,9,10,OTT,TOR,5,2
2025021107,,23,19,VAN,STL,1,3
2025021108,,17,6,DET,BOS,2,4
2025021109,,22,14,EDM,TBL,2,5
2025021110,,3,52,NYR,WPG,2,3
2025021111,,15,21,WSH,COL,2,3
2025021112,,5,12,PIT,CAR,1,5
2025021113,,16,18,CHI,NSH,2,3
2025021114,,2,29,NYI,CBJ,1,0
2025021115,,25,54,DAL,VGK,2,3
2025021116,,20,14,CGY,TBL,4,3
2025021117,,24,7,ANA,BUF,6,5
2025021118,,68,26,UTA,LAK,4,3
2025021119,,3,9,NYR,OTT,1,2
2025021120,,6,10,BOS,TOR,2,4
2025021121,,8,12,MTL,CAR,5,2
2025021122,,17,9,DET,OTT,2,3
2025021123,,13,55,FLA,SEA,5,4
2025021124,,2,16,NYI,CHI,3,4
2025021125,,4,29,PHI,CBJ,2,3
2025021126,,5,21,PIT,COL,2,6
2025021127,,14,30,TBL,MIN,6,3
2025021128,,19,15,STL,WSH,3,0
2025021129,,18,28,NSH,SJS,6,3
2025021130,,25,1,DAL,NJD,4,6
2025021131,,52,54,WPG,VGK,4,1
2025021132,,68,22,UTA,EDM,2,5
2025021133,,20,26,CGY,LAK,3,2
2025021134,,23,24,VAN,ANA,3,5
2025021135,,7,6,BUF,BOS,3,4
2025021136,,10,3,TOR,NYR,4,3
2025021137,,8,29,MTL,CBJ,2,1
2025021138,,9,5,OTT,PIT,3,4
2025021139,,14,55,TBL,SEA,3,4
2025021140,,13,30,FLA,MIN,2,3
2025021141,,2,25,NYI,DAL,2,1
2025021142,,4,16,PHI,CHI,5,1
2025021143,,19,28,STL,SJS,2,1
2025021144,,18,1,NSH,NJD,2,4
2025021145,,52,21,WPG,COL,2,3
2025021146,,68,15,UTA,WSH,4,7
2025021147,,20,24,CGY,ANA,2,3
2025021148,,54,22,VGK,EDM,3,4
2025021149,,23,26,VAN,LAK,0,4
2025021150,,7,17,BUF,DET,2,5
2025021151,,3,16,NYR,CHI,6,1
2025021152,,14,9,TBL,OTT,4,2
2025021153,,2,13,NYI,FLA,5,2
2025021154,,22,24,EDM,ANA,4,2
2025021155,,6,30,BOS,MIN,6,3
2025021156,,5,25,PIT,DAL,3,6
2025021157,,12,1,CAR,NJD,5,2
2025021158,,29,28,CBJ,SJS,2,3
2025021159,,7,55,BUF,SEA,3,2
2025021160,,19,10,STL,TOR,5,1
2025021161,,18,8,NSH,MTL,1,4
2025021162,,21,52,COL,WPG,2,4
2025021163,,17,4,DET,PHI,3,5
2025021164,,26,68,LAK,UTA,2,6
2025021165,,20,23,CGY,VAN,7,3
2025021166,,54,15,VGK,WSH,4,5
2025021167,,3,13,NYR,FLA,3,1
2025021168,,14,18,TBL,NSH,3,2
2025021169,,12,8,CAR,MTL,1,3
2025021170,,29,6,CBJ,BOS,3,4
2025021171,,1,16,NJD,CHI,5,3
2025021172,,4,25,PHI,DAL,2,1
2025021173,,2,5,NYI,PIT,3,8
2025021174,,21,20,COL,CGY,9,2
2025021175,,54,23,VGK,VAN,4,2
2025021176,,24,10,ANA,TOR,4,5
2025021177,,28,19,SJS,STL,5,4
2025021178,,6,25,BOS,DAL,6,3
2025021179,,7,2,BUF,NYI,4,3
2025021180,,14,8,TBL,MTL,1,4
2025021181,,13,9,FLA,OTT,6,3
2025021182,,3,1,NYR,NJD,4,1
2025021183,,5,17,PIT,DET,5,1
2025021184,,15,4,WSH,PHI,6,4
2025021185,,29,12,CBJ,CAR,2,5
2025021186,,16,52,CHI,WPG,3,4
2025021187,,22,55,EDM,SEA,3,0
2025021188,,21,23,COL,VAN,6,8
2025021189,,26,19,LAK,STL,2,1
2025021190,,28,24,SJS,ANA,4,3
2025021191,,9,7,OTT,BUF,4,1
2025021192,,14,5,TBL,PIT,6,3
2025021193,,13,6,FLA,BOS,2,1
2025021194,,1,15,NJD,WSH,7,3
2025021195,,3,8,NYR,MTL,2,3
2025021196,,4,17,PHI,DET,2,4
2025021197,,12,29,CAR,CBJ,5,1
2025021198,,25,52,DAL,WPG,3,0
2025021199,,30,23,MIN,VAN,5,2
2025021200,,22,16,EDM,CHI,3,1
2025021201,,54,20,VGK,CGY,6,3
2025021202,,28,10,SJS,TOR,4,1
2025021203,,55,68,SEA,UTA,2,6
2025021204,,26,18,LAK,NSH,4,5
2025021205,,2,4,NYI,PHI,1,4
2025021206,,24,19,ANA,STL,2,6
2025021207,,3,17,NYR,DET,4,1
2025021208,,9,30,OTT,MIN,1,4
2025021209,,25,21,DAL,COL,0,2
2025021210,,14,6,TBL,BOS,3,1
2025021211,,5,13,PIT,FLA,9,4
2025021212,,1,8,NJD,MTL,3,4
2025021213,,15,7,WSH,BUF,6,2
2025021214,,12,2,CAR,NYI,4,3
2025021215,,29,52,CBJ,WPG,1,2
2025021216,,23,68,VAN,UTA,4,7
2025021217,,26,10,LAK,TOR,7,6
2025021218,,22,54,EDM,VGK,1,5
2025021219,,24,20,ANA,CGY,3,5
2025021220,,28,18,SJS,NSH,3,6
2025021221,,55,16,SEA,CHI,2,4
2025021222,,17,30,DET,MIN,4,5
2025021223,,5,13,PIT,FLA,5,2
2025021224,,4,6,PHI,BOS,2,1
2025021225,,9,12,OTT,CAR,6,3
2025021226,,8,1,MTL,NJD,0,3
2025021227,,3,15,NYR,WSH,8,1
2025021228,,21,19,COL,STL,2,3
2025021229,,7,14,BUF,TBL,4,2
2025021230,,52,55,WPG,SEA,6,2
2025021231,,28,16,SJS,CHI,3,2
2025021232,,26,18,LAK,NSH,3,2
2025021233,,8,13,MTL,FLA,4,3
2025021234,,9,14,OTT,TBL,6,2
2025021235,,17,29,DET,CBJ,3,4
2025021236,,1,4,NJD,PHI,1,5
2025021237,,12,6,CAR,BOS,6,5
2025021238,,19,21,STL,COL,1,3
2025021239,,25,20,DAL,CGY,4,3
2025021240,,30,55,MIN,SEA,5,2
2025021241,,68,22,UTA,EDM,6,5
2025021242,,23,54,VAN,VGK,1,2
2025021243,,24,18,ANA,NSH,0,5
2025021244,,3,7,NYR,BUF,3,5
2025021245,,10,15,TOR,WSH,0,4
2025021246,,28,22,SJS,EDM,2,5
2025021247,,7,29,BUF,CBJ,5,0
2025021248,,8,14,MTL,TBL,2,1
2025021249,,9,13,OTT,FLA,5,1
2025021250,,17,4,DET,PHI,6,3
2025021251,,1,5,NJD,PIT,2,5
2025021252,,2,10,NYI,TOR,5,3
2025021253,,19,52,STL,WPG,2,3
2025021254,,25,30,DAL,MIN,5,4
2025021255,,16,12,CHI,CAR,2,7
2025021256,,21,20,COL,CGY,3,1
2025021257,,68,18,UTA,NSH,4,1
2025021258,,24,28,ANA,SJS,6,1
2025021259,,55,54,SEA,VGK,4,3
2025021260,,26,23,LAK,VAN,4,1
2025021261,,6,14,BOS,TBL,1,2
2025021262,,2,9,NYI,OTT,0,3
2025021263,,5,15,PIT,WSH,3,6
2025021264,,26,22,LAK,EDM,1,0
2025021265,,17,1,DET,NJD,3,5
2025021266,,16,19,CHI,STL,3,5
2025021267,,18,30,NSH,MIN,2,1
2025021268,,25,3,DAL,NYR,2,0
2025021269,,68,12,UTA,CAR,1,4
2025021270,,10,13,TOR,FLA,2,6
2025021271,,8,29,MTL,CBJ,2,5
2025021272,,52,4,WPG,PHI,1,7
2025021273,,55,20,SEA,CGY,4,1
2025021274,,21,54,COL,VGK,2,3
2025021275,,28,23,SJS,VAN,3,4
2025021276,,15,5,WSH,PIT,3,0
2025021277,,2,8,NYI,MTL,1,4
2025021278,,29,6,CBJ,BOS,2,3
2025021279,,1,9,NJD,OTT,4,3
2025021280,,24,23,ANA,VAN,3,4
2025021281,,20,68,CGY,UTA,4,1
2025021282,,14,17,TBL,DET,4,3
2025021283,,13,3,FLA,NYR,3,2
2025021284,,4,12,PHI,CAR,3,2
2025021285,,10,25,TOR,DAL,5,6
2025021286,,19,30,STL,MIN,6,3
2025021287,,18,28,NSH,SJS,2,3
2025021288,,16,7,CHI,BUF,1,5
2025021289,,22,21,EDM,COL,1,2
2025021290,,54,52,VGK,WPG,6,2
2025021291,,55,26,SEA,LAK,3,5
2025021292,,6,1,BOS,NJD,4,0
2025021293,,2,12,NYI,CAR,1,2
2025021294,,4,8,PHI,MTL,4,2
2025021295,,29,15,CBJ,WSH,1,2
2025021296,,30,24,MIN,ANA,3,2
2025021297,,68,52,UTA,WPG,5,3
2025021298,,20,21,CGY,COL,1,3
2025021299,,19,5,STL,PIT,7,5
2025021300,,23,26,VAN,LAK,4,3
2025021301,,7,25,BUF,DAL,3,4
2025021302,,14,3,TBL,NYR,2,4
2025021303,,13,17,FLA,DET,8,1
2025021304,,9,10,OTT,TOR,3,1
2025021305,,16,28,CHI,SJS,5,2
2025021306,,54,55,VGK,SEA,4,1
2025021307,,18,24,NSH,ANA,4,5
2025021308,,52,28,WPG,SJS,1,6
2025021309,,68,19,UTA,STL,3,5
2025021310,,20,26,CGY,LAK,3,1
2025021311,,22,23,EDM,VAN,6,1
2025021312,,21,55,COL,SEA,2,0
